{
  "GwZvGvVzjWTL1mvpw55KQWztTQvWo3B6ew16N2aspump": {
    "priorVolumeH1Usd": 22796.8201809564,
    "fired": false
  },
  "6Cn9XH2SCi79Nam7mhH5L1kfwFwPhfresmg6Q4Eipump": {
    "priorVolumeH1Usd": 30287.9635572961,
    "fired": true
  },
  "cEVB54GaMohQf8GwE79ckFbSMSZvWPL27Z2nj7apump": {
    "priorVolumeH1Usd": 17533.0031748656,
    "fired": false
  },
  "7NTs9FPw7tP2Bfjcn8eAJZUr4ApG8n9ZbXkT7Adwpump": {
    "priorVolumeH1Usd": 34121.9780235276,
    "fired": false
  }
}